[
    {
        "logo": "https://m12.vc/wp-content/uploads/2023/12/grid-1920-genetics-2x.webp",
        "name": "1910 Genetics",
        "description": "Vertical SaaS",
        "caseStudy": "",
        "websiteLink": "https://www.1910genetics.com/"
    },
    {
        "logo": "https://m12.vc/wp-content/uploads/2023/12/grid-acerta-2x.webp",
        "name": "Acerta",
        "description": "Vertical SaaS",
        "caseStudy": "https://m12.vc/case-study/acerta/",
        "websiteLink": "https://acerta.ai/"
    },
    {
        "logo": "https://m12.vc/wp-content/uploads/2023/12/grid-agolo-2x.webp",
        "name": "Agolo",
        "description": "Vertical SaaS",
        "caseStudy": "",
        "websiteLink": "https://agolo.com/"
    },
    {
        "logo": "https://m12.vc/wp-content/uploads/2023/12/grid-airmap-2x.webp",
        "name": "AirMap",
        "description": "Other",
        "caseStudy": "",
        "websiteLink": "https://airmap.com/"
    },
    {
        "logo": "https://m12.vc/wp-content/uploads/2023/12/grid-airbotics-2x.webp",
        "name": "Airobotics",
        "description": "Vertical SaaS",
        "caseStudy": "",
        "websiteLink": "https://airoboticsdrones.com/"
    },
    {
        "logo": "https://m12.vc/wp-content/uploads/2023/12/grid-andor-2x.webp",
        "name": "Andor Health",
        "description": "Vertical SaaS",
        "caseStudy": "",
        "websiteLink": "https://andorhealth.com/"
    },
    {
        "logo": "https://m12.vc/wp-content/uploads/2023/12/grid-applied-intuition.webp",
        "name": "Applied Intuition",
        "description": "AI",
        "caseStudy": "",
        "websiteLink": "https://appliedintuition.com/"
    },
    {
        "logo": "https://m12.vc/wp-content/uploads/2023/12/grid-aqua-2x.webp",
        "name": "Aqua",
        "description": "Cybersecurity",
        "caseStudy": "",
        "websiteLink": "https://aquasec.com/"
    },
    {
        "logo": "https://m12.vc/wp-content/uploads/2023/12/grid-arkose-labs-2x.webp",
        "name": "Arkose Labs",
        "description": "Cybersecurity",
        "caseStudy": "",
        "websiteLink": "https://arkoselabs.com/"
    },
    {
        "logo": "https://m12.vc/wp-content/uploads/2024/10/Armada.png",
        "name": "Armada",
        "description": "Cloud Infrastructure",
        "caseStudy": "",
        "websiteLink": "https://www.armada.ai/"
    },
    {
        "logo": "https://m12.vc/wp-content/uploads/2023/12/grid-artificial-2x.webp",
        "name": "Artificial",
        "description": "Vertical SaaS",
        "caseStudy": "",
        "websiteLink": "https://www.artificial.com/"
    },
    {
        "logo": "https://m12.vc/wp-content/uploads/2023/12/grid-at-bay-2x.webp",
        "name": "At-Bay",
        "description": "Cybersecurity",
        "caseStudy": "",
        "websiteLink": "https://at-bay.com/"
    },
    {
        "logo": "https://m12.vc/wp-content/uploads/2023/12/grid-authomize-2x.webp",
        "name": "Authomize",
        "description": "Cybersecurity",
        "caseStudy": "https://m12.vc/case-study/authomize/",
        "websiteLink": "https://authomize.com/"
    },
    {
        "logo": "https://m12.vc/wp-content/uploads/2023/12/grid-bakkt-2x.webp",
        "name": "Bakkt",
        "description": "Web3 and Gaming",
        "caseStudy": "",
        "websiteLink": "https://bakkt.com/"
    },
    {
        "logo": "https://m12.vc/wp-content/uploads/2023/12/grid-beamery-2x.webp",
        "name": "Beamery",
        "description": "Vertical SaaS",
        "caseStudy": "",
        "websiteLink": "https://beamery.com/"
    },
    {
        "logo": "https://m12.vc/wp-content/uploads/2023/12/grid-blackshark-2x.webp",
        "name": "blackshark.ai",
        "description": "Web3 and Gaming",
        "caseStudy": "",
        "websiteLink": "https://www.blackshark.ai/"
    },
    {
        "logo": "https://m12.vc/wp-content/uploads/2023/12/grid-bluevine-2x.webp",
        "name": "BlueVine",
        "description": "Vertical SaaS",
        "caseStudy": "",
        "websiteLink": "https://bluevine.com/"
    },
    {
        "logo": "https://m12.vc/wp-content/uploads/2024/05/bolster.png",
        "name": "Bolster",
        "description": "Cybersecurity",
        "caseStudy": "",
        "websiteLink": "https://bolster.ai/"
    },
    {
        "logo": "https://m12.vc/wp-content/uploads/2023/12/grid-bonsai-2x.webp",
        "name": "Bonsai",
        "description": "AI",
        "caseStudy": "",
        "websiteLink": ""
    },
    {
        "logo": "https://m12.vc/wp-content/uploads/2024/04/grid-builder-io-2x.webp",
        "name": "Builder.io",
        "description": "AI",
        "caseStudy": "",
        "websiteLink": "https://www.builder.io/"
    },
    {
        "logo": "https://m12.vc/wp-content/uploads/2023/12/grid-bytewax-2x.webp",
        "name": "Bytewax",
        "description": "Developer Tools",
        "caseStudy": "",
        "websiteLink": "https://bytewax.io/"
    },
    {
        "logo": "https://m12.vc/wp-content/uploads/2023/12/grid-cerebri-2x.webp",
        "name": "Cerebri",
        "description": "AI",
        "caseStudy": "",
        "websiteLink": ""
    },
    {
        "logo": "https://m12.vc/wp-content/uploads/2023/12/grid-clearmotion-2x.webp",
        "name": "ClearMotion",
        "description": "Cloud Infrastructure",
        "caseStudy": "",
        "websiteLink": "https://www.clearmotion.com/"
    },
    {
        "logo": "https://m12.vc/wp-content/uploads/2023/12/grid-cloudlanes-2x.webp",
        "name": "CloudLanes",
        "description": "Cybersecurity",
        "caseStudy": "",
        "websiteLink": "https://cloudlanes.com/"
    },
    {
        "logo": "https://m12.vc/wp-content/uploads/2023/12/grid-cloud-simple-2x.webp",
        "name": "CloudSimple",
        "description": "Cloud Infrastructure",
        "caseStudy": "",
        "websiteLink": ""
    },
    {
        "logo": "https://m12.vc/wp-content/uploads/2023/12/grid-cnex-labs-2x.webp",
        "name": "CNEXLabs",
        "description": "Cloud Infrastructure",
        "caseStudy": "",
        "websiteLink": "https://cnexlabs.com/"
    },
    {
        "logo": "https://m12.vc/wp-content/uploads/2023/12/grid-code-ocean-2x.webp",
        "name": "Code Ocean",
        "description": "Developer Tools",
        "caseStudy": "",
        "websiteLink": "https://codeocean.com/"
    },
    {
        "logo": "https://m12.vc/wp-content/uploads/2023/12/grid-code-fresh-2x.webp",
        "name": "Codefresh",
        "description": "Developer Tools",
        "caseStudy": "",
        "websiteLink": "https://codefresh.io/"
    },
    {
        "logo": "https://m12.vc/wp-content/uploads/2023/12/grid-cognitive-scale-2x.webp",
        "name": "CognitiveScale",
        "description": "Vertical SaaS",
        "caseStudy": "",
        "websiteLink": ""
    },
    {
        "logo": "https://m12.vc/wp-content/uploads/2023/12/grid-comfy-2x.webp",
        "name": "Comfy",
        "description": "Vertical SaaS",
        "caseStudy": "",
        "websiteLink": "https://comfyapp.com/"
    },
    {
        "logo": "https://m12.vc/wp-content/uploads/2023/12/grid-comtravo-2x.webp",
        "name": "Comtravo",
        "description": "Vertical SaaS",
        "caseStudy": "",
        "websiteLink": "https://comtravo.com/en/"
    },
    {
        "logo": "https://m12.vc/wp-content/uploads/2024/11/symbol-wordmark-dark-1.png",
        "name": "Conduktor",
        "description": "",
        "caseStudy": "",
        "websiteLink": "https://conduktor.io/"
    },
    {
        "logo": "https://m12.vc/wp-content/uploads/2023/12/grid-contrast-2x.webp",
        "name": "Contrast Security",
        "description": "Cybersecurity",
        "caseStudy": "",
        "websiteLink": "https://contrastsecurity.com/"
    },
    {
        "logo": "https://m12.vc/wp-content/uploads/2023/12/grid-cooler-screens-2x.webp",
        "name": "Cooler Screens",
        "description": "Vertical SaaS",
        "caseStudy": "",
        "websiteLink": "https://coolerscreens.com/"
    },
    {
        "logo": "https://m12.vc/wp-content/uploads/2023/12/grid-d-matrix-2x.webp",
        "name": "d-Matrix",
        "description": "Cloud Infrastructure",
        "caseStudy": "",
        "websiteLink": "https://www.d-matrix.ai/"
    },
    {
        "logo": "https://m12.vc/wp-content/uploads/2023/12/grid-databook-2x.webp",
        "name": "Databook",
        "description": "Vertical SaaS",
        "caseStudy": "",
        "websiteLink": "https://trydatabook.com/"
    },
    {
        "logo": "https://m12.vc/wp-content/uploads/2024/05/datology-ai.png",
        "name": "DatologyAI",
        "description": "AI",
        "caseStudy": "",
        "websiteLink": "https://www.datologyai.com/"
    },
    {
        "logo": "https://m12.vc/wp-content/uploads/2023/12/grid-definely-2x.webp",
        "name": "Definely",
        "description": "Vertical SaaS",
        "caseStudy": "",
        "websiteLink": "https://www.definely.com/"
    },
    {
        "logo": "https://m12.vc/wp-content/uploads/2023/12/grid-deployed-2x.webp",
        "name": "Deployed",
        "description": "Vertical SaaS",
        "caseStudy": "",
        "websiteLink": "https://deployed.co/"
    },
    {
        "logo": "https://m12.vc/wp-content/uploads/2023/12/grid-directly-2x-1.webp",
        "name": "Directly",
        "description": "Vertical SaaS",
        "caseStudy": "https://m12.vc/case-study/directly/",
        "websiteLink": "https://directly.com/"
    },
    {
        "logo": "https://m12.vc/wp-content/uploads/2023/12/grid-dynamic-signal-2x.webp",
        "name": "Dynamic Signal",
        "description": "Vertical SaaS",
        "caseStudy": "",
        "websiteLink": ""
    },
    {
        "logo": "https://m12.vc/wp-content/uploads/2023/12/grid-ecomedes-2x.webp",
        "name": "ecomedes",
        "description": "Vertical SaaS",
        "caseStudy": "",
        "websiteLink": "https://www.ecomedes.com/"
    },
    {
        "logo": "https://m12.vc/wp-content/uploads/2023/12/grid-element-ai-2x.webp",
        "name": "Element AI",
        "description": "Vertical SaaS",
        "caseStudy": "",
        "websiteLink": "https://hello.elementai.com/data-trusts.html"
    },
    {
        "logo": "https://m12.vc/wp-content/uploads/2023/12/grid-envo-2x.webp",
        "name": "env0",
        "description": "Developer Tools",
        "caseStudy": "",
        "websiteLink": "https://env0.com/"
    },
    {
        "logo": "https://m12.vc/wp-content/uploads/2023/12/grid-envisagenics-2x.webp",
        "name": "Envisagenics",
        "description": "Vertical SaaS",
        "caseStudy": "",
        "websiteLink": "https://envisagenics.com/"
    },
    {
        "logo": "https://m12.vc/wp-content/uploads/2023/12/grid-evinced-2x.webp",
        "name": "Evinced",
        "description": "Developer Tools",
        "caseStudy": "",
        "websiteLink": "https://www.evinced.com/"
    },
    {
        "logo": "https://m12.vc/wp-content/uploads/2023/12/grid-evisort-2x.webp",
        "name": "Evisort",
        "description": "AI",
        "caseStudy": "",
        "websiteLink": "https://evisort.com/"
    },
    {
        "logo": "https://m12.vc/wp-content/uploads/2023/12/grid-far-eye-2x.webp",
        "name": "FarEye",
        "description": "Vertical SaaS",
        "caseStudy": "",
        "websiteLink": "https://getfareye.com/"
    },
    {
        "logo": "https://m12.vc/wp-content/uploads/2024/11/fastino.jpeg",
        "name": "Fastino",
        "description": "AI",
        "caseStudy": "",
        "websiteLink": "https://www.fastino.ai/"
    },
    {
        "logo": "https://m12.vc/wp-content/uploads/2023/12/grid-figure-eight-2x.webp",
        "name": "Figure Eight",
        "description": "AI",
        "caseStudy": "",
        "websiteLink": "https://visit.figure-eight.com/People-Powered-Data-Enrichment_T"
    },
    {
        "logo": "https://m12.vc/wp-content/uploads/2023/12/grid-fordefi-2x.webp",
        "name": "Fordefi",
        "description": "Web3 and Gaming",
        "caseStudy": "",
        "websiteLink": "https://fordefi.com/"
    },
    {
        "logo": "https://m12.vc/wp-content/uploads/2023/12/grid-fortress-iq-2x.webp",
        "name": "FortressIQ",
        "description": "Cloud Infrastructure",
        "caseStudy": "",
        "websiteLink": "https://www.automationanywhere.com/products/process-discovery"
    },
    {
        "logo": "https://m12.vc/wp-content/uploads/2023/12/foundry-dark.png",
        "name": "Foundry",
        "description": "Cloud Infrastructure",
        "caseStudy": "",
        "websiteLink": "https://www.mlfoundry.com/"
    },
    {
        "logo": "https://m12.vc/wp-content/uploads/2023/12/grid-frame-2x.webp",
        "name": "Frame",
        "description": "Cloud Infrastructure",
        "caseStudy": "",
        "websiteLink": ""
    },
    {
        "logo": "https://m12.vc/wp-content/uploads/2023/12/grid-go1-2x.webp",
        "name": "GO1",
        "description": "Vertical SaaS",
        "caseStudy": "",
        "websiteLink": "https://go1.com/"
    },
    {
        "logo": "https://m12.vc/wp-content/uploads/2023/12/grid-ground-truth-2x.webp",
        "name": "GroundTruth",
        "description": "Vertical SaaS",
        "caseStudy": "",
        "websiteLink": "https://groundtruth.com/"
    },
    {
        "logo": "https://m12.vc/wp-content/uploads/2023/12/grid-growth-space-2x.webp",
        "name": "GrowthSpace",
        "description": "Vertical SaaS",
        "caseStudy": "",
        "websiteLink": "https://www.growthspace.com/"
    },
    {
        "logo": "https://m12.vc/wp-content/uploads/2023/12/grid-guardrails-ai-2x.webp",
        "name": "Guardrails AI",
        "description": "AI",
        "caseStudy": "",
        "websiteLink": "https://www.guardrailsai.com/"
    },
    {
        "logo": "https://m12.vc/wp-content/uploads/2023/12/grid-hazy-2x.webp",
        "name": "Hazy",
        "description": "Developer Tools",
        "caseStudy": "",
        "websiteLink": "https://hazy.com/"
    },
    {
        "logo": "https://m12.vc/wp-content/uploads/2023/12/grid-help-shift.webp",
        "name": "Helpshift",
        "description": "Vertical SaaS",
        "caseStudy": "",
        "websiteLink": "https://helpshift.com/"
    },
    {
        "logo": "https://m12.vc/wp-content/uploads/2023/12/grid-hidden-layer-2x.webp",
        "name": "HiddenLayer",
        "description": "Cybersecurity",
        "caseStudy": "",
        "websiteLink": "https://hiddenlayer.com/"
    },
    {
        "logo": "https://m12.vc/wp-content/uploads/2023/12/grid-hunters-2x.webp",
        "name": "Hunters",
        "description": "Cybersecurity",
        "caseStudy": "",
        "websiteLink": "https://hunters.ai/"
    },
    {
        "logo": "https://m12.vc/wp-content/uploads/2023/12/grid-huue-2x.webp",
        "name": "Huue",
        "description": "Vertical SaaS",
        "caseStudy": "",
        "websiteLink": "https://www.huue.bio/"
    },
    {
        "logo": "https://m12.vc/wp-content/uploads/2023/12/grid-hyas-2x.webp",
        "name": "HYAS",
        "description": "Cybersecurity",
        "caseStudy": "",
        "websiteLink": "https://hyas.com/"
    },
    {
        "logo": "https://m12.vc/wp-content/uploads/2023/12/grid-i3-equity-partners-2x.webp",
        "name": "i3 Equity Partners",
        "description": "Other",
        "caseStudy": "",
        "websiteLink": "https://i3equity.com/"
    },
    {
        "logo": "https://m12.vc/wp-content/uploads/2023/12/grid-illusive-2x.webp",
        "name": "Illusive Networks",
        "description": "Cybersecurity",
        "caseStudy": "",
        "websiteLink": ""
    },
    {
        "logo": "https://m12.vc/wp-content/uploads/2023/12/grid-ilof-2x.webp",
        "name": "iLoF",
        "description": "Vertical SaaS",
        "caseStudy": "",
        "websiteLink": "https://ilof.tech/"
    },
    {
        "logo": "https://m12.vc/wp-content/uploads/2023/12/grid-incorta-2x.webp",
        "name": "Incorta",
        "description": "Cloud Infrastructure",
        "caseStudy": "",
        "websiteLink": "https://incorta.com/"
    },
    {
        "logo": "https://m12.vc/wp-content/uploads/2023/12/grid-innovaccer-2x.webp",
        "name": "Innovaccer",
        "description": "Vertical SaaS",
        "caseStudy": "",
        "websiteLink": "https://innovaccer.com/"
    },
    {
        "logo": "https://m12.vc/wp-content/uploads/2023/12/grid-insite-ai-2x.webp",
        "name": "Insite AI",
        "description": "Vertical SaaS",
        "caseStudy": "",
        "websiteLink": "https://insite.ai/"
    },
    {
        "logo": "https://m12.vc/wp-content/uploads/2023/12/grid-invia-robotics-2x.webp",
        "name": "inVia Robotics",
        "description": "AI",
        "caseStudy": "",
        "websiteLink": "https://www.inviarobotics.com/"
    },
    {
        "logo": "https://m12.vc/wp-content/uploads/2023/12/grid-inworld-2x.webp",
        "name": "Inworld",
        "description": "Web3 and Gaming",
        "caseStudy": "",
        "websiteLink": "https://www.inworld.ai/"
    },
    {
        "logo": "https://m12.vc/wp-content/uploads/2023/12/grid-isovalent-2x.webp",
        "name": "Isovalent",
        "description": "Cloud Infrastructure",
        "caseStudy": "",
        "websiteLink": "https://isovalent.com/"
    },
    {
        "logo": "https://m12.vc/wp-content/uploads/2023/12/grid-kahoot-2x.webp",
        "name": "Kahoot!",
        "description": "Vertical SaaS",
        "caseStudy": "",
        "websiteLink": "https://kahoot.com/"
    },
    {
        "logo": "https://m12.vc/wp-content/uploads/2023/12/grid-kano-2x.webp",
        "name": "Kano",
        "description": "Other",
        "caseStudy": "",
        "websiteLink": "https://kano.tech/us"
    },
    {
        "logo": "https://m12.vc/wp-content/uploads/2023/12/grid-karlsgate-2x.webp",
        "name": "Karlsgate",
        "description": "Cybersecurity",
        "caseStudy": "",
        "websiteLink": "https://karlsgate.com/"
    },
    {
        "logo": "https://m12.vc/wp-content/uploads/2023/12/grid-kite-2x.webp",
        "name": "Kite",
        "description": "Other",
        "caseStudy": "",
        "websiteLink": ""
    },
    {
        "logo": "https://m12.vc/wp-content/uploads/2023/12/grid-kooply-2x.webp",
        "name": "Kooply",
        "description": "Web3 and Gaming",
        "caseStudy": "",
        "websiteLink": "https://www.kooply.com/"
    },
    {
        "logo": "https://m12.vc/wp-content/uploads/2023/12/grid-layer-2x.webp",
        "name": "Layer",
        "description": "Other",
        "caseStudy": "",
        "websiteLink": ""
    },
    {
        "logo": "https://m12.vc/wp-content/uploads/2023/12/grid-livongo-2x.webp",
        "name": "Livongo",
        "description": "Vertical SaaS",
        "caseStudy": "",
        "websiteLink": "https://www.livongo.com/"
    },
    {
        "logo": "https://m12.vc/wp-content/uploads/2023/12/grid-loggi-2x.webp",
        "name": "Loggi",
        "description": "Vertical SaaS",
        "caseStudy": "",
        "websiteLink": "https://loggi.com/en/"
    },
    {
        "logo": "https://m12.vc/wp-content/uploads/2023/12/grid-login-radius-2x.webp",
        "name": "LoginRadius",
        "description": "Cybersecurity",
        "caseStudy": "",
        "websiteLink": "https://loginradius.com/"
    },
    {
        "logo": "https://m12.vc/wp-content/uploads/2023/12/grid-lottie-files-2x.webp",
        "name": "LottieFiles",
        "description": "Developer Tools",
        "caseStudy": "",
        "websiteLink": "https://lottiefiles.com/"
    },
    {
        "logo": "https://m12.vc/wp-content/uploads/2023/12/grid-make-tv-2x.webp",
        "name": "Make.TV",
        "description": "Other",
        "caseStudy": "",
        "websiteLink": "https://ltnglobal.com/"
    },
    {
        "logo": "https://m12.vc/wp-content/uploads/2023/12/grid-markforged-2x.webp",
        "name": "Markforged",
        "description": "Other",
        "caseStudy": "",
        "websiteLink": "https://markforged.com/"
    },
    {
        "logo": "https://m12.vc/wp-content/uploads/2023/12/grid-med-me-2x.webp",
        "name": "MedMe",
        "description": "Vertical SaaS",
        "caseStudy": "",
        "websiteLink": "https://www.medmehealth.com/"
    },
    {
        "logo": "https://m12.vc/wp-content/uploads/2023/12/grid-memgraph-2x.webp",
        "name": "Memgraph",
        "description": "Cloud Infrastructure",
        "caseStudy": "",
        "websiteLink": "https://memgraph.com/"
    },
    {
        "logo": "https://m12.vc/wp-content/uploads/2023/12/grid-mend-2x.webp",
        "name": "Mend",
        "description": "Cybersecurity",
        "caseStudy": "",
        "websiteLink": "https://www.mend.io/"
    },
    {
        "logo": "https://m12.vc/wp-content/uploads/2023/12/grid-mental-canvas-2x.webp",
        "name": "Mental Canvas",
        "description": "Vertical SaaS",
        "caseStudy": "",
        "websiteLink": "https://mentalcanvas.com/"
    },
    {
        "logo": "https://m12.vc/wp-content/uploads/2023/12/grid-metrika-2x.webp",
        "name": "Metrika",
        "description": "Web3 and Gaming",
        "caseStudy": "",
        "websiteLink": "https://metrika.co/"
    },
    {
        "logo": "https://m12.vc/wp-content/uploads/2023/12/grid-modl-ai-2x.webp",
        "name": "modl.ai",
        "description": "Web3 and Gaming",
        "caseStudy": "",
        "websiteLink": "https://modl.ai/"
    },
    {
        "logo": "https://m12.vc/wp-content/uploads/2023/12/grid-nanofabrica-2x.webp",
        "name": "Nanofabrica",
        "description": "Other",
        "caseStudy": "",
        "websiteLink": ""
    },
    {
        "logo": "https://m12.vc/wp-content/uploads/2023/12/grid-nautilus-labs-2x.webp",
        "name": "Nautilus Labs",
        "description": "Vertical SaaS",
        "caseStudy": "",
        "websiteLink": "https://nautiluslabs.co/"
    },
    {
        "logo": "https://m12.vc/wp-content/uploads/2024/08/Neon.png",
        "name": "Neon",
        "description": "Cloud Infrastructures",
        "caseStudy": "",
        "websiteLink": "https://neon.tech/"
    },
    {
        "logo": "https://m12.vc/wp-content/uploads/2023/12/grid-netradyne-2x.webp",
        "name": "Netradyne",
        "description": "AI",
        "caseStudy": "",
        "websiteLink": "https://netradyne.com/"
    },
    {
        "logo": "https://m12.vc/wp-content/uploads/2023/12/grid-next-billion-ai-2x.webp",
        "name": "NextBillion.ai",
        "description": "Vertical SaaS",
        "caseStudy": "",
        "websiteLink": "https://nextbillion.ai/"
    },
    {
        "logo": "https://m12.vc/wp-content/uploads/2023/12/grid-noble-ai-2x.webp",
        "name": "NobleAI",
        "description": "AI",
        "caseStudy": "",
        "websiteLink": "https://www.noble.ai/"
    },
    {
        "logo": "https://m12.vc/wp-content/uploads/2023/12/grid-novu-2x.webp",
        "name": "Novu",
        "description": "Developer Tools",
        "caseStudy": "",
        "websiteLink": "https://novu.co/"
    },
    {
        "logo": "https://m12.vc/wp-content/uploads/2023/12/grid-nsknox-2x.webp",
        "name": "nsKnox",
        "description": "Cybersecurity",
        "caseStudy": "",
        "websiteLink": "https://nsknox.net/"
    },
    {
        "logo": "https://m12.vc/wp-content/uploads/2023/12/grid-onfido-2x.webp",
        "name": "Onfido",
        "description": "Cybersecurity",
        "caseStudy": "",
        "websiteLink": "https://onfido.com/"
    },
    {
        "logo": "https://m12.vc/wp-content/uploads/2023/12/grid-open-sauce-2x.webp",
        "name": "Open Sauced",
        "description": "Developer Tools",
        "caseStudy": "",
        "websiteLink": "https://opensauced.pizza/"
    },
    {
        "logo": "https://m12.vc/wp-content/uploads/2023/12/grid-outreach-2x.webp",
        "name": "Outreach",
        "description": "Vertical SaaS",
        "caseStudy": "",
        "websiteLink": "https://www.outreach.io/"
    },
    {
        "logo": "https://m12.vc/wp-content/uploads/2023/12/grid-ox-security-2x.webp",
        "name": "OX Security",
        "description": "Cybersecurity",
        "caseStudy": "",
        "websiteLink": "https://www.ox.security/"
    },
    {
        "logo": "https://m12.vc/wp-content/uploads/2023/12/grid-ozette-2x.webp",
        "name": "Ozette Technologies",
        "description": "Vertical SaaS",
        "caseStudy": "",
        "websiteLink": "https://www.ozette.com/"
    },
    {
        "logo": "https://m12.vc/wp-content/uploads/2023/12/grid-pachyderm-2x.webp",
        "name": "Pachyderm",
        "description": "Developer Tools",
        "caseStudy": "",
        "websiteLink": "https://pachyderm.com/"
    },
    {
        "logo": "https://m12.vc/wp-content/uploads/2023/12/grid-palm-nft-studio-2x.webp",
        "name": "Palm NFT Studio",
        "description": "Web3 and Gaming",
        "caseStudy": "",
        "websiteLink": "https://palm.io/"
    },
    {
        "logo": "https://m12.vc/wp-content/uploads/2023/12/grid-panda-doc-2x.webp",
        "name": "PandaDoc",
        "description": "Vertical SaaS",
        "caseStudy": "",
        "websiteLink": "https://pandadoc.com/"
    },
    {
        "logo": "https://m12.vc/wp-content/uploads/2023/12/grid-parabol-2x.webp",
        "name": "Parabol",
        "description": "Developer Tools",
        "caseStudy": "",
        "websiteLink": "https://www.parabol.co/"
    },
    {
        "logo": "https://m12.vc/wp-content/uploads/2024/05/PAXAFE.png",
        "name": "PAXAFE",
        "description": "AI, VerticalSaaS",
        "caseStudy": "",
        "websiteLink": "https://www.paxafe.com/"
    },
    {
        "logo": "https://m12.vc/wp-content/uploads/2023/12/grid-paxata-2x.webp",
        "name": "Paxata",
        "description": "Cloud Infrastructure",
        "caseStudy": "",
        "websiteLink": "https://docs.datarobot.com/en/docs/data/index.html?redirect_source=paxata.com"
    },
    {
        "logo": "https://m12.vc/wp-content/uploads/2023/12/grid-pickit-2x.webp",
        "name": "Pickit",
        "description": "Vertical SaaS",
        "caseStudy": "",
        "websiteLink": "https://pickit.com/"
    },
    {
        "logo": "https://m12.vc/wp-content/uploads/2023/12/grid-pod-foods-2x.webp",
        "name": "Pod Foods",
        "description": "Vertical SaaS",
        "caseStudy": "",
        "websiteLink": "https://podfoods.co/"
    },
    {
        "logo": "https://m12.vc/wp-content/uploads/2023/12/grid-prevedere-2x.webp",
        "name": "Prevedere",
        "description": "Vertical SaaS",
        "caseStudy": "",
        "websiteLink": "https://prevedere.com/"
    },
    {
        "logo": "https://m12.vc/wp-content/uploads/2023/12/grid-private-ai-2x.webp",
        "name": "Private AI",
        "description": "Developer Tools",
        "caseStudy": "",
        "websiteLink": "https://www.private-ai.com/"
    },
    {
        "logo": "https://m12.vc/wp-content/uploads/2023/12/grid-psi-quantum-2x.webp",
        "name": "PsiQuantum",
        "description": "Cloud Infrastructure",
        "caseStudy": "",
        "websiteLink": "https://psiquantum.com/"
    },
    {
        "logo": "https://m12.vc/wp-content/uploads/2023/12/grid-rapid-sos-2x.webp",
        "name": "RapidSOS",
        "description": "Vertical SaaS",
        "caseStudy": "",
        "websiteLink": "https://rapidsos.com/"
    },
    {
        "logo": "https://m12.vc/wp-content/uploads/2023/12/grid-regrow-2x.webp",
        "name": "Regrow",
        "description": "Vertical SaaS",
        "caseStudy": "",
        "websiteLink": "https://www.regrow.ag/"
    },
    {
        "logo": "https://m12.vc/wp-content/uploads/2023/12/grid-rescale-2x.webp",
        "name": "Rescale",
        "description": "Cloud Infrastructure",
        "caseStudy": "",
        "websiteLink": "https://rescale.com/"
    },
    {
        "logo": "https://m12.vc/wp-content/uploads/2023/12/grid-rubbrband-2x.webp",
        "name": "Rubbrband",
        "description": "Developer Tools",
        "caseStudy": "",
        "websiteLink": "https://www.rubbrband.com/"
    },
    {
        "logo": "https://m12.vc/wp-content/uploads/2023/12/grid-sales-ken-2x.webp",
        "name": "SalesKen",
        "description": "Vertical SaaS",
        "caseStudy": "",
        "websiteLink": "https://www.salesken.ai/aboutus"
    },
    {
        "logo": "https://m12.vc/wp-content/uploads/2023/12/grid-scuba-2x.webp",
        "name": "Scuba",
        "description": "Cloud Infrastructure",
        "caseStudy": "",
        "websiteLink": "https://www.scuba.io/"
    },
    {
        "logo": "https://m12.vc/wp-content/uploads/2023/12/grid-skedulo-2x.webp",
        "name": "Skedulo",
        "description": "Vertical SaaS",
        "caseStudy": "",
        "websiteLink": "https://skedulo.com/"
    },
    {
        "logo": "https://m12.vc/wp-content/uploads/2023/12/grid-snaproute-2x.webp",
        "name": "SnapRoute",
        "description": "Cloud Infrastructure",
        "caseStudy": "",
        "websiteLink": ""
    },
    {
        "logo": "https://m12.vc/wp-content/uploads/2023/12/grid-space-and-time-2x.webp",
        "name": "Space and Time",
        "description": "Web3 and Gaming",
        "caseStudy": "",
        "websiteLink": "https://www.spaceandtime.io/"
    },
    {
        "logo": "https://m12.vc/wp-content/uploads/2023/12/grid-split-2x.webp",
        "name": "Split",
        "description": "Developer Tools",
        "caseStudy": "",
        "websiteLink": "https://split.io/"
    },
    {
        "logo": "https://m12.vc/wp-content/uploads/2023/12/grid-spy-cloud-2x.webp",
        "name": "SpyCloud",
        "description": "Cybersecurity",
        "caseStudy": "",
        "websiteLink": "https://spycloud.com/"
    },
    {
        "logo": "https://m12.vc/wp-content/uploads/2023/12/grid-super-awesome-2x.webp",
        "name": "SuperAwesome",
        "description": "Developer Tools",
        "caseStudy": "",
        "websiteLink": ""
    },
    {
        "logo": "https://m12.vc/wp-content/uploads/2023/12/grid-synack-2x.webp",
        "name": "Synack",
        "description": "Cybersecurity",
        "caseStudy": "",
        "websiteLink": "https://www.synack.com/"
    },
    {
        "logo": "https://m12.vc/wp-content/uploads/2024/02/grid-synthlabs-2x.webp",
        "name": "Synth Labs",
        "description": "AI",
        "caseStudy": "",
        "websiteLink": "https://www.synthlabs.ai/"
    },
    {
        "logo": "https://m12.vc/wp-content/uploads/2023/12/grid-syntiant-2x.webp",
        "name": "Syntiant",
        "description": "Cloud Infrastructure",
        "caseStudy": "",
        "websiteLink": "https://www.syntiant.com/"
    },
    {
        "logo": "https://m12.vc/wp-content/uploads/2023/12/grid-tact-ai-2x.webp",
        "name": "Tact.ai",
        "description": "Vertical SaaS",
        "caseStudy": "",
        "websiteLink": "https://tact.ai/"
    },
    {
        "logo": "https://m12.vc/wp-content/uploads/2023/12/grid-team8-2x.webp",
        "name": "Team8",
        "description": "Cybersecurity",
        "caseStudy": "",
        "websiteLink": "https://team8.vc/"
    },
    {
        "logo": "https://m12.vc/wp-content/uploads/2023/12/grid-theom-2x.webp",
        "name": "Theom",
        "description": "Cybersecurity",
        "caseStudy": "",
        "websiteLink": "https://www.theom.ai/"
    },
    {
        "logo": "https://m12.vc/wp-content/uploads/2023/12/grid-tool-jet-2x.webp",
        "name": "Tooljet",
        "description": "Developer Tools",
        "caseStudy": "",
        "websiteLink": "https://www.tooljet.com/"
    },
    {
        "logo": "https://m12.vc/wp-content/uploads/2023/12/grid-true-epic-2x.webp",
        "name": "Truepic",
        "description": "Cybersecurity",
        "caseStudy": "",
        "websiteLink": "https://truepic.com/"
    },
    {
        "logo": "https://m12.vc/wp-content/uploads/2023/12/grid-trusona-2x.webp",
        "name": "Trusona",
        "description": "Cybersecurity",
        "caseStudy": "",
        "websiteLink": "https://trusona.com/"
    },
    {
        "logo": "https://m12.vc/wp-content/uploads/2023/12/grid-twenty-bn-2x.webp",
        "name": "Twenty Billion Neurons",
        "description": "Vertical SaaS",
        "caseStudy": "",
        "websiteLink": ""
    },
    {
        "logo": "https://m12.vc/wp-content/uploads/2023/12/grid-type-face-2x.webp",
        "name": "Typeface",
        "description": "AI",
        "caseStudy": "",
        "websiteLink": "https://www.typeface.ai/"
    },
    {
        "logo": "https://m12.vc/wp-content/uploads/2023/12/grid-unbabel-2x-1.webp",
        "name": "Unbabel",
        "description": "Vertical SaaS",
        "caseStudy": "https://m12.vc/case-study/unbabel/",
        "websiteLink": "https://unbabel.com/"
    },
    {
        "logo": "https://m12.vc/wp-content/uploads/2023/12/grid-unify-2x.webp",
        "name": "Unify AI",
        "description": "AI",
        "caseStudy": "",
        "websiteLink": "https://unify.ai/"
    },
    {
        "logo": "https://m12.vc/wp-content/uploads/2023/12/grid-unravel-2x.webp",
        "name": "Unravel",
        "description": "Cloud Infrastructure",
        "caseStudy": "",
        "websiteLink": "https://unraveldata.com/"
    },
    {
        "logo": "https://m12.vc/wp-content/uploads/2023/12/grid-unstructured-2x.webp",
        "name": "Unstructured",
        "description": "Cloud Infrastructure",
        "caseStudy": "",
        "websiteLink": "https://unstructured.io/"
    },
    {
        "logo": "https://m12.vc/wp-content/uploads/2023/12/grid-valence-2x.webp",
        "name": "Valence Security",
        "description": "Cybersecurity",
        "caseStudy": "",
        "websiteLink": "https://www.valencesecurity.com/"
    },
    {
        "logo": "https://m12.vc/wp-content/uploads/2023/12/grid-venture-out-2x.webp",
        "name": "Venture Out",
        "description": "Other",
        "caseStudy": "",
        "websiteLink": "https://ventureoutstartups.com/"
    },
    {
        "logo": "https://m12.vc/wp-content/uploads/2023/12/grid-vertical-2x.webp",
        "name": "Vertical Aerospace",
        "description": "Other",
        "caseStudy": "",
        "websiteLink": "https://vertical-aerospace.com/"
    },
    {
        "logo": "https://m12.vc/wp-content/uploads/2023/12/grid-voicea-2x.webp",
        "name": "Voicea",
        "description": "Vertical SaaS",
        "caseStudy": "",
        "websiteLink": ""
    },
    {
        "logo": "https://m12.vc/wp-content/uploads/2023/12/grid-voiceitt-2x.webp",
        "name": "Voiceitt",
        "description": "Vertical SaaS",
        "caseStudy": "",
        "websiteLink": "https://voiceitt.com/"
    },
    {
        "logo": "https://m12.vc/wp-content/uploads/2024/07/volley-1.png",
        "name": "Volley",
        "description": "AI",
        "caseStudy": "",
        "websiteLink": "https://www.volleygames.com/"
    },
    {
        "logo": "https://m12.vc/wp-content/uploads/2023/12/grid-volterra-2x.webp",
        "name": "Volterra",
        "description": "Cloud Infrastructure",
        "caseStudy": "",
        "websiteLink": "https://www.f5.com/cloud"
    },
    {
        "logo": "https://m12.vc/wp-content/uploads/2023/12/grid-voodle-2x.webp",
        "name": "Voodle",
        "description": "Vertical SaaS",
        "caseStudy": "",
        "websiteLink": ""
    },
    {
        "logo": "https://m12.vc/wp-content/uploads/2023/12/grid-wallaroo-2x.webp",
        "name": "Wallaroo",
        "description": "Developer Tools",
        "caseStudy": "",
        "websiteLink": "https://wallaroo.ai/"
    },
    {
        "logo": "https://m12.vc/wp-content/uploads/2023/12/grid-wandelbots-2x.webp",
        "name": "Wandelbots",
        "description": "AI",
        "caseStudy": "",
        "websiteLink": "https://wandelbots.com/"
    },
    {
        "logo": "https://m12.vc/wp-content/uploads/2023/12/grid-webiny-2x.webp",
        "name": "Webiny",
        "description": "Developer Tools",
        "caseStudy": "",
        "websiteLink": "https://www.webiny.com/"
    },
    {
        "logo": "https://m12.vc/wp-content/uploads/2023/12/grid-webee-2x.webp",
        "name": "Weebee",
        "description": "Cloud Infrastructure",
        "caseStudy": "",
        "websiteLink": "https://webee.io/"
    },
    {
        "logo": "https://m12.vc/wp-content/uploads/2023/12/grid-white-source-2x.webp",
        "name": "WhiteSource",
        "description": "Other",
        "caseStudy": "",
        "websiteLink": ""
    },
    {
        "logo": "https://m12.vc/wp-content/uploads/2023/12/grid-work-board-2x.webp",
        "name": "WorkBoard",
        "description": "Vertical SaaS",
        "caseStudy": "",
        "websiteLink": "https://www.workboard.com/"
    },
    {
        "logo": "https://m12.vc/wp-content/uploads/2023/12/grid-work-span-2x.webp",
        "name": "WorkSpan",
        "description": "Vertical SaaS",
        "caseStudy": "",
        "websiteLink": "https://www.workspan.com/"
    },
    {
        "logo": "https://m12.vc/wp-content/uploads/2023/12/grid-xsight-2x.webp",
        "name": "Xsight Labs",
        "description": "Cloud Infrastructure",
        "caseStudy": "",
        "websiteLink": "https://xsightlabs.com/"
    },
    {
        "logo": "https://m12.vc/wp-content/uploads/2023/12/grid-zencity-2x-1.webp",
        "name": "Zencity",
        "description": "Vertical SaaS",
        "caseStudy": "https://m12.vc/case-study/zencity/",
        "websiteLink": "https://zencity.io/"
    },
    {
        "logo": "https://m12.vc/wp-content/uploads/2023/12/grid-zip-whip-2x.webp",
        "name": "ZipWhip",
        "description": "Vertical SaaS",
        "caseStudy": "",
        "websiteLink": ""
    }
]